<?xml-stylesheet type="text/xsl" href="docs.xsl"?><javascript fileName="Reversi.js">
    <function name="displayBoard" scope="static" constructor="false" deprecated="false" private="false" protected="false" ignored="true" internal="false" type="Function">
    </function>
    <function name="markPlayableCells" scope="static" constructor="false" deprecated="false" private="false" protected="false" ignored="true" internal="false" type="Function">
        <property name="n" scope="static" constructor="false" deprecated="false" private="false" protected="false" ignored="true" internal="false" type="Object">
        </property>
    </function>
    <function name="clearPlayableCells" scope="static" constructor="false" deprecated="false" private="false" protected="false" ignored="true" internal="false" type="Function">
    </function>
    <function name="initBoard" scope="static" constructor="false" deprecated="false" private="false" protected="false" ignored="true" internal="false" type="Function">
    </function>
    <function name="playStep" scope="static" constructor="false" deprecated="false" private="false" protected="false" ignored="true" internal="false" type="Function">
        <property name="reschedule" scope="static" constructor="false" deprecated="false" private="false" protected="false" ignored="true" internal="false" type="Boolean">
        </property>
        <property name="msg" scope="static" constructor="false" deprecated="false" private="false" protected="false" ignored="true" internal="false" type="String">
        </property>
        <property name="player" scope="static" constructor="false" deprecated="false" private="false" protected="false" ignored="true" internal="false" type="String">
        </property>
        <property name="n" scope="static" constructor="false" deprecated="false" private="false" protected="false" ignored="true" internal="false" type="Object">
        </property>
    </function>
    <function name="displayInfoMessage" scope="static" constructor="false" deprecated="false" private="false" protected="false" ignored="true" internal="false" type="Function">
    </function>
    <function name="changeView" scope="static" constructor="false" deprecated="false" private="false" protected="false" ignored="true" internal="false" type="Function">
    </function>
    <function name="showPlayScreen" scope="static" constructor="false" deprecated="false" private="false" protected="false" ignored="true" internal="false" type="Function">
        <property name="mainBoard" scope="static" constructor="false" deprecated="false" private="false" protected="false" ignored="true" internal="false" type="Object">
            <property name="level" scope="static" constructor="false" deprecated="false" private="false" protected="false" ignored="true" internal="false" type="Object">
            </property>
        </property>
    </function>
    <function name="showSelectionScreen" scope="static" constructor="false" deprecated="false" private="false" protected="false" ignored="true" internal="false" type="Function">
    </function>
    <function name="boardClick" scope="static" constructor="false" deprecated="false" private="false" protected="false" ignored="true" internal="false" type="Function">
    </function>
    <function name="restartClick" scope="static" constructor="false" deprecated="false" private="false" protected="false" ignored="true" internal="false" type="Function">
    </function>
    <function name="undoClick" scope="static" constructor="false" deprecated="false" private="false" protected="false" ignored="true" internal="false" type="Function">
    </function>
    <function name="onLoadHandler" scope="static" constructor="false" deprecated="false" private="false" protected="false" ignored="true" internal="false" type="Function">
    </function>
    <function name="startClick" scope="static" constructor="false" deprecated="false" private="false" protected="false" ignored="true" internal="false" type="Function">
    </function>
    <function name="exitClick" scope="static" constructor="false" deprecated="false" private="false" protected="false" ignored="true" internal="false" type="Function">
    </function>
    <function name="aboutClick" scope="static" constructor="false" deprecated="false" private="false" protected="false" ignored="true" internal="false" type="Function">
    </function>
    <function name="infoPageClick" scope="static" constructor="false" deprecated="false" private="false" protected="false" ignored="true" internal="false" type="Function">
    </function>
    <function name="onResizeHandler" scope="static" constructor="false" deprecated="false" private="false" protected="false" ignored="true" internal="false" type="Function">
        <property name="h" scope="static" constructor="false" deprecated="false" private="false" protected="false" ignored="true" internal="false" type="Object">
        </property>
        <property name="w" scope="static" constructor="false" deprecated="false" private="false" protected="false" ignored="true" internal="false" type="Object">
        </property>
        <property name="minDim" scope="static" constructor="false" deprecated="false" private="false" protected="false" ignored="true" internal="false" type="Object">
        </property>
        <property name="document" scope="static" constructor="false" deprecated="false" private="false" protected="false" ignored="true" internal="false" type="Object">
            <property name="body" scope="static" constructor="false" deprecated="false" private="false" protected="false" ignored="true" internal="false" type="Object">
                <property name="className" scope="static" constructor="false" deprecated="false" private="false" protected="false" ignored="true" internal="false" type="String">
                </property>
            </property>
        </property>
    </function>
    <property name="i" scope="static" constructor="false" deprecated="false" private="false" protected="false" ignored="true" internal="false" type="Object">
    </property>
    <property name="j" scope="static" constructor="false" deprecated="false" private="false" protected="false" ignored="true" internal="false" type="Object">
    </property>
    <property name="html" scope="static" constructor="false" deprecated="false" private="false" protected="false" ignored="true" internal="false" type="Object">
    </property>
    <property name="x" scope="static" constructor="false" deprecated="false" private="false" protected="false" ignored="true" internal="false" type="Object">
    </property>
    <property name="y" scope="static" constructor="false" deprecated="false" private="false" protected="false" ignored="true" internal="false" type="Object">
    </property>
    <property name="blackpic" scope="static" constructor="false" deprecated="false" private="false" protected="false" ignored="true" internal="false" type="String">
    </property>
    <property name="whitepic" scope="static" constructor="false" deprecated="false" private="false" protected="false" ignored="true" internal="false" type="String">
    </property>
    <property name="mainBoard" scope="static" constructor="false" deprecated="false" private="false" protected="false" ignored="true" internal="false" type="null">
    </property>
    <property name="userCanPlay" scope="static" constructor="false" deprecated="false" private="false" protected="false" ignored="true" internal="false" type="Boolean">
    </property>
    <property name="gameRunning" scope="static" constructor="false" deprecated="false" private="false" protected="false" ignored="true" internal="false" type="Boolean">
    </property>
    <property name="passedOnce" scope="static" constructor="false" deprecated="false" private="false" protected="false" ignored="true" internal="false" type="Boolean">
    </property>
    <property name="currentHeight" scope="static" constructor="false" deprecated="false" private="false" protected="false" ignored="true" internal="false" type="Number">
    </property>
    <property name="currentWidth" scope="static" constructor="false" deprecated="false" private="false" protected="false" ignored="true" internal="false" type="Number">
    </property>
    <property name="whitePlayer" scope="static" constructor="false" deprecated="false" private="false" protected="false" ignored="true" internal="false" type="String">
    </property>
    <property name="blackPlayer" scope="static" constructor="false" deprecated="false" private="false" protected="false" ignored="true" internal="false" type="String">
    </property>
</javascript>
